{
  "scene_id": "scene_001",
  "model": "PointNet++",
  "dataset": "KITTI",
  "num_points": 5000,
  "num_detections": 3,
  "inference_time": 0.00015997886657714844,
  "detections": [
    {
      "bbox_center": [
        0.5390729468850499,
        -2.1302977497440887,
        -0.9899145134755114
      ],
      "bbox_size": [
        1.4067550687063046,
        0.7431873125200426,
        1.9463932627378238
      ],
      "confidence": 0.7347557501360416,
      "class": "pedestrian"
    },
    {
      "bbox_center": [
        0.4104504112477613,
        -3.8270622213865972,
        -0.9387675453226276
      ],
      "bbox_size": [
        0.909848824534407,
        1.14888128177135,
        0.5189167508107524
      ],
      "confidence": 0.884445354355672,
      "class": "car"
    },
    {
      "bbox_center": [
        3.7818608403528606,
        -1.510260384954964,
        -0.34933818037724096
      ],
      "bbox_size": [
        1.229143853972412,
        1.9417995320814792,
        1.9208178873429815
      ],
      "confidence": 0.6071495451319815,
      "class": "car"
    }
  ]
}