{
  "scene_id": "scene_000",
  "model": "PointNet++",
  "dataset": "KITTI",
  "num_points": 5000,
  "num_detections": 3,
  "inference_time": 0.0007700920104980469,
  "detections": [
    {
      "bbox_center": [
        -0.22989856153379706,
        -5.385388144743403,
        -2.2937075858722524
      ],
      "bbox_size": [
        1.0470235753845798,
        0.956845259790827,
        1.5059063922495586
      ],
      "confidence": 0.6674459474463625,
      "class": "pedestrian"
    },
    {
      "bbox_center": [
        1.3973691256430991,
        -0.9932050598190518,
        -1.5994419236382447
      ],
      "bbox_size": [
        1.7846996165232218,
        0.5240962345955195,
        0.542874510417962
      ],
      "confidence": 0.8759647311583102,
      "class": "cyclist"
    },
    {
      "bbox_center": [
        -0.3032716257108671,
        0.37625350554595294,
        -2.878610286372737
      ],
      "bbox_size": [
        1.8528117025041007,
        0.9699402993602386,
        1.8247089621179815
      ],
      "confidence": 0.6545015265654973,
      "class": "pedestrian"
    }
  ]
}