{
  "scene_id": "scene_001",
  "model": "PointNet++",
  "dataset": "SUNRGBD",
  "num_points": 3999,
  "num_detections": 3,
  "inference_time": 0.000141143798828125,
  "detections": [
    {
      "bbox_center": [
        0.1064095441237044,
        2.640197104090198,
        1.4206971108687936
      ],
      "bbox_size": [
        1.620543363399189,
        1.5344459114607403,
        0.5079955090145221
      ],
      "confidence": 0.7088935492059147,
      "class": "cyclist"
    },
    {
      "bbox_center": [
        0.9920892295010805,
        2.3098887269231,
        -1.2871250030747676
      ],
      "bbox_size": [
        1.6438655027911113,
        1.675141211266759,
        1.576124428778522
      ],
      "confidence": 0.8998327219508668,
      "class": "pedestrian"
    },
    {
      "bbox_center": [
        2.4522879103548165,
        2.013660046189563,
        -0.5915959009191432
      ],
      "bbox_size": [
        0.7487076166964362,
        1.888815646435764,
        0.5998731951045104
      ],
      "confidence": 0.6290840757427374,
      "class": "car"
    }
  ]
}