{
  "scene_id": "scene_000",
  "model": "PointNet++",
  "dataset": "SUNRGBD",
  "num_points": 3999,
  "num_detections": 3,
  "inference_time": 0.00021767616271972656,
  "detections": [
    {
      "bbox_center": [
        1.6326723187218735,
        4.244320979874951,
        0.7587972354728101
      ],
      "bbox_size": [
        1.3817869691471374,
        0.5529162908531069,
        1.2876560692333063
      ],
      "confidence": 0.6345661715131462,
      "class": "pedestrian"
    },
    {
      "bbox_center": [
        -0.14703767355746222,
        -1.0272656479997664,
        -0.7294770116123418
      ],
      "bbox_size": [
        1.5149165411328158,
        1.297264320402212,
        1.1509897920300511
      ],
      "confidence": 0.8244421056041977,
      "class": "car"
    },
    {
      "bbox_center": [
        -2.529514834722419,
        0.627742638131732,
        2.921216865281012
      ],
      "bbox_size": [
        0.9588625533780752,
        1.0069773048748636,
        1.3119502543136123
      ],
      "confidence": 0.8797845637953996,
      "class": "car"
    }
  ]
}