{
  "scene_id": "scene_000",
  "model": "PointNet++",
  "dataset": "SUNRGBD",
  "num_points": 3999,
  "num_detections": 3,
  "inference_time": 0.0001480579376220703,
  "detections": [
    {
      "bbox_center": [
        0.006267013481441652,
        0.8501135407846916,
        0.7661786833554032
      ],
      "bbox_size": [
        1.6924575325884883,
        0.5370302619610849,
        1.642452566779522
      ],
      "confidence": 0.815775265229929,
      "class": "cyclist"
    },
    {
      "bbox_center": [
        1.22778340148569,
        2.0480601614864575,
        -1.9502548044413266
      ],
      "bbox_size": [
        1.7066108195843117,
        1.3307225885157532,
        1.6946323406567618
      ],
      "confidence": 0.8640033037324346,
      "class": "pedestrian"
    },
    {
      "bbox_center": [
        2.122525899168054,
        -1.9396418500390349,
        3.647634395190469
      ],
      "bbox_size": [
        1.2123231430776036,
        1.9155242082164206,
        1.4796053577059294
      ],
      "confidence": 0.7944831846763212,
      "class": "cyclist"
    }
  ]
}