{
  "scene_id": "scene_002",
  "model": "PointNet++",
  "dataset": "SUNRGBD",
  "num_points": 3999,
  "num_detections": 3,
  "inference_time": 0.00014281272888183594,
  "detections": [
    {
      "bbox_center": [
        -0.33723720706177884,
        -0.23472189850622138,
        0.5225475760425001
      ],
      "bbox_size": [
        1.7759069374023464,
        1.2831217326058764,
        1.9357113757332278
      ],
      "confidence": 0.7850343149980272,
      "class": "car"
    },
    {
      "bbox_center": [
        1.025445350560137,
        1.382837447227105,
        -1.2959380058683037
      ],
      "bbox_size": [
        1.3238570341634064,
        1.1240681520965212,
        1.5490620759601492
      ],
      "confidence": 0.8437386088208303,
      "class": "cyclist"
    },
    {
      "bbox_center": [
        3.1821750115422094,
        2.232507697313806,
        1.5575028908428477
      ],
      "bbox_size": [
        0.6936239022829925,
        1.1554962117946075,
        1.8337949978738215
      ],
      "confidence": 0.7914770309355517,
      "class": "pedestrian"
    }
  ]
}